FO,44,1671,2000,5870625000,0
FO,44,1671,2003,2887211610,314116
FO,44,1671,2005,3484017132,314116
FO,44,1671,2006,5160127600,314116
FO,44,1671,2008,6978916500,314116
FO,44,1671,2009,4407962334,166477
FO,44,1671,2011,6803690020,4353476
FO,44,1671,2012,5645849200,4353476
FO,44,1671,2014,6240614813,178035
FO,44,1671,2017,2323124128,1
FO,44,1676,2000,23944400,93449700
FO,44,1676,2003,53053840,435186264
FO,44,1676,2006,1375200,1552427090
FO,44,1676,2009,8542095,855277548
FO,44,1676,2011,91699638,869201200
FO,44,1676,2012,49786904,1033117200
FO,44,1676,2014,36825256,373661310
FO,44,1676,2015,39017895,188233716
FO,44,1676,2017,25166952,54559032
FO,44,1676,2018,63290023,32406272
FO,44,1618,2002,2975818100,4356000
FO,44,1618,2004,7941633980,16043200
FO,44,1618,2005,7941633980,16043200
FO,44,1618,2007,21915563600,388864000
FO,44,1618,2008,20366973200,527025700
FO,44,1618,2010,2705501810,60395
FO,44,1618,2011,27579727073,204831725
FO,44,1618,2013,20699390740,42339510
FO,44,1618,2014,27634038240,90716760
FO,44,1618,2016,14480140500,2668000
FO,44,1618,2019,7126033700,4892448
FO,44,1621,2000,136857600,7727100
FO,44,1621,2002,127504800,7112000
FO,44,1621,2003,173861512,54931020
FO,44,1621,2005,293802054,123076208
FO,44,1621,2006,571041522,123900000
FO,44,1621,2008,160723500,338588800
FO,44,1621,2009,305941998,614512022
FO,44,1621,2011,881006280,1122745416
FO,44,1621,2014,1126758402,731268809
FO,44,1621,2017,1107732971,307888746
FO,44,1622,2001,4760000,591000
FO,44,1622,2004,52561980,12000000
FO,44,1622,2006,9180000,0
FO,44,1622,2007,9180800,0
FO,44,1622,2009,10160212,50504
FO,44,1622,2010,2585448,8256
FO,44,1622,2012,9109086,28
FO,44,1622,2013,9105299,20
FO,44,1622,2015,10043571,32640
FO,44,1622,2018,5390550,4263630
FO,46,1671,2010,12960,3
FO,46,1671,2013,72000,3
FO,46,1671,2015,157232,3
FO,46,1671,2016,3724,3
FO,46,1671,2018,693,3
FO,46,1671,2019,452592,3
FO,46,1618,2018,97026,14
FO,46,1621,2004,387036,9
FO,46,1621,2007,387036,9
FO,46,1621,2010,13659,9
FO,46,1621,2012,57960,9
FO,46,1621,2013,57960,9
FO,46,1621,2015,97740,9
FO,46,1621,2016,115634,9
FO,46,1621,2018,140760,9
FO,46,1621,2019,658532,9
FO,47,1618,2019,44,2856
FO,107,1671,2001,818400,0
FO,107,1671,2002,818400,0
FO,107,1671,2004,2841839,306418
FO,107,1671,2005,2841839,306418
FO,107,1671,2007,2841839,306418
FO,107,1671,2010,15009050,80850
FO,107,1671,2013,6095456,6
FO,107,1671,2016,8878468,11
FO,107,1671,2019,16283476,36
FO,107,1676,2008,23426892,1836
FO,107,1676,2010,27666650,80
FO,107,1676,2011,16967705,9
FO,107,1676,2013,40825585,42
FO,107,1676,2014,43480365,60
FO,107,1676,2016,55111923,33
FO,107,1676,2019,125971088,0
FO,107,1618,2004,38962929,90
FO,107,1618,2006,38962929,90
FO,107,1618,2007,38962929,90
FO,107,1618,2009,205834754,180
FO,10,1671,2001,29230656000,3603000
FO,10,1671,2002,32097098000,267000
FO,10,1671,2004,59314500000,1400000
FO,10,1671,2005,73188000000,360000
FO,10,1671,2007,53619440000,17248
FO,10,1671,2010,37804336545,40191670
FO,10,1671,2013,3509353280,7478630732
FO,10,1671,2016,2248008622,5928610285
FO,10,1671,2018,442569786,17322770954
FO,10,1671,2019,190163392,9600079824
FO,10,1676,2002,3171208000,10000000
FO,10,1676,2004,3904000000,1100000
FO,10,1676,2005,3695120000,7828000
FO,10,1676,2007,4038211200,2000000
FO,10,1676,2008,2518037000,2337000
FO,10,1676,2010,6818020000,16116000
FO,10,1676,2011,8705959611,13274072
FO,10,1676,2013,12077280908,10108799
FO,10,1676,2016,18132360225,118923924
FO,10,1676,2019,18935717034,223545432
FO,10,1618,2000,20034900000,1552694000
FO,10,1618,2001,19100624000,1333140000
FO,10,1618,2003,6016800000,32367330000
FO,10,1618,2004,6552000000,26226200000
FO,10,1618,2006,9823500000,48546000000
FO,10,1618,2007,16727053200,42124568200
FO,10,1618,2009,13617915000,37251076000
FO,10,1618,2012,16934144040,16068134954
FO,10,1618,2015,26795540901,18454068784
FO,10,1618,2018,42082244352,16137245696
FO,10,1621,2001,2819664000,11677320000
FO,10,1621,2002,3437532000,2712956000
FO,10,1621,2004,5168100000,1395030000
FO,10,1621,2007,6628400000,7274485200
FO,10,1621,2010,6509422000,11357082000
FO,10,1621,2013,7177977450,16129170168
FO,10,1621,2015,5455586508,10984686788
FO,10,1621,2016,3960352630,9644683900
FO,10,1621,2018,4116531472,8599424032
FO,10,1621,2019,3559177440,11614916560
FO,10,1622,2000,51037000,114563000
FO,10,1622,2002,0,0
FO,10,1622,2003,0,0
FO,10,1622,2005,0,0
FO,10,1622,2006,0,0
FO,10,1622,2008,8397000,0
FO,10,1622,2011,29999442,0
FO,10,1622,2014,26282425,12
FO,10,1622,2017,19654859,300
FO,11,1671,2000,18252420000,33885920000
FO,11,1671,2002,6134203000,24995080000
FO,11,1671,2005,6680752000,47211736000
FO,11,1671,2008,9098993000,44050979100
FO,11,1671,2011,8524707366,59781223707
FO,11,1671,2013,6602434371,48055783594
FO,11,1671,2014,5224269960,48447064710
FO,11,1671,2016,3209006237,36334974093
FO,11,1671,2017,4031061138,35486636350
FO,11,1671,2019,4021498680,38520520416
FO,11,1676,2000,20712000,20975000
FO,11,1676,2002,33755000,280630000
FO,11,1676,2003,35275000,394359000
FO,11,1676,2005,60528000,32940000
FO,11,1676,2006,74480000,40650000
FO,11,1676,2008,287144000,96676300
FO,11,1676,2009,317298290,85072680
FO,11,1676,2011,448575468,62475371
FO,11,1676,2014,469548360,32074240
FO,11,1676,2017,525506184,107688576
FO,11,1618,2001,23822379000,5221454000
FO,11,1618,2002,13969368000,4681930000
FO,11,1618,2004,25892880000,8619984000
FO,11,1618,2007,34776276000,50285580378
FO,11,1618,2010,30314782180,78051799064
FO,11,1618,2013,47625919092,99340787031
FO,11,1618,2015,41596458432,99201759030
FO,11,1618,2016,40739146690,99518427519
FO,11,1618,2018,50965732722,1.19E+11
FO,11,1618,2019,52415503080,1.21E+11
FO,11,1621,2002,5344716000,40644681000
FO,11,1621,2005,13516581000,52630822000
FO,11,1621,2008,20855201500,74896936200
FO,11,1621,2010,26573749539,72228745560
FO,11,1621,2011,24939177318,88363765620
FO,11,1621,2013,27385889406,83941446400
FO,11,1621,2014,37572622500,1.09E+11
FO,11,1621,2016,19928433999,1.09E+11
FO,11,1621,2017,26177705103,1.15E+11
FO,101,1676,2017,45231483,2.89E+11
FO,101,1676,2019,111259456,5.21E+11
FO,101,1618,2001,466342500,6850553600
FO,101,1618,2004,1183350000,2550786250
FO,101,1618,2007,214579200,7189100
FO,101,1618,2009,163485754,922896
FO,101,1618,2010,322179064,44878860
FO,101,1618,2012,567709170,5818826880
FO,101,1618,2013,27278922790,10844315292
FO,101,1618,2015,33508690740,14702893071
FO,101,1618,2016,55509145344,6723765975
FO,101,1618,2018,53223908160,11680734450
FO,101,1621,2002,6183744000,206406000
FO,101,1621,2004,8245868000,657220938
FO,101,1621,2005,9880523127,3849467842
FO,101,1621,2007,14041962600,5348550000
FO,101,1621,2008,23290908000,4025462400
FO,101,1621,2010,17429389619,569573158
FO,101,1621,2011,28973214126,619205316
FO,101,1621,2013,23603225230,48416324
FO,101,1621,2016,17217852740,1359115175
FO,101,1621,2019,32020606278,1488532416
FO,101,1622,2000,3429300,6709709000
FO,101,1622,2003,3240000,1847592300
FO,101,1622,2006,8914500,440000000
FO,101,1622,2008,8914500,440000000
FO,101,1622,2009,8914500,440000000
FO,101,1622,2011,0,0
FO,101,1622,2012,57271500,47570728
FO,101,1622,2014,19579005,27148198
FO,101,1622,2015,18006564,25332762
FO,101,1622,2017,21559608,122565264
FO,101,1622,2018,23707512,170394070
FO,102,1671,2003,1108827396,1143296
FO,102,1671,2005,2840251952,0
FO,102,1671,2006,2840251952,0
FO,102,1671,2008,2840251952,0
FO,102,1671,2009,2840251952,0
FO,102,1671,2011,5902523692,0
FO,102,1671,2014,7878734808,0
FO,102,1671,2017,2141888424,0
FO,102,1676,2003,131034900,15470
FO,102,1676,2006,17360000,147840
FO,102,1676,2009,1319112000,147840
FO,102,1676,2011,4192400331,17272
FO,102,1676,2012,1043188000,323128
FO,102,1676,2014,3124708636,83664480
FO,102,1676,2015,272965266,105549010
FO,102,1676,2017,32234141,718200
FO,102,1676,2018,48365558,6021376
FO,102,1618,2004,1758673035,13359
FO,102,1618,2005,2680624912,115648
FO,102,1618,2007,2680624912,115648
FO,102,1618,2008,2680624912,115648
FO,102,1618,2010,12484280484,49815
FO,102,1618,2011,12484280484,49815
FO,102,1618,2013,10757216600,1016720
FO,102,1618,2016,32000382060,46781
FO,102,1618,2019,11663197056,4930
FO,102,1621,2003,19131034230,2694216
FO,102,1621,2005,925660158,1053864
FO,102,1621,2006,925660158,1053864
FO,102,1621,2008,925660158,1053864
FO,102,1621,2011,15636349456,135786
FO,102,1621,2014,4430053320,4664
FO,102,1621,2017,6141820083,909072
FO,102,1621,2019,1148543450,73162
FO,102,1622,2004,105427228,27654
FO,102,1622,2006,807576,5486
FO,102,1622,2007,807576,5486
FO,102,1622,2009,807576,5486
FO,102,1622,2010,158911,49368
FO,102,1622,2012,158911,49368
FO,102,1622,2013,4563405,49368
FO,102,1622,2015,63525,48
FO,102,1622,2018,106872,15903
FO,103,1671,2000,0,14
FO,103,1671,2002,0,14
FO,103,1671,2003,0,14
FO,103,1671,2005,28677,14
FO,103,1671,2006,28677,14
FO,103,1671,2008,1437540,14
FO,103,1671,2011,36406,14
FO,103,1671,2014,3120810,0
FO,103,1671,2017,147808,0
FO,103,1671,2019,9660672,0
FO,103,1676,2017,378067500,24
FO,103,1618,2013,2245890,975
FO,107,1618,2012,104271240,0
FO,107,1618,2015,339430160,105280
FO,107,1618,2018,256540200,2976
FO,107,1621,2004,44220684,976320
FO,107,1621,2007,44220684,976320
FO,107,1621,2010,103205696,3853080
FO,107,1621,2013,44943580,840
FO,107,1621,2015,98102576,229320
FO,107,1621,2016,175119670,2106
FO,107,1621,2018,674782615,25875
FO,107,1621,2019,1089991453,8585073
FO,107,1622,2008,390,198
FO,107,1622,2009,437,198
FO,107,1622,2011,18592,63
FO,107,1622,2014,456,1036
FO,107,1622,2017,26680,36
FO,49,1676,2004,530980,575
FO,49,1676,2007,88200,76874
FO,49,1676,2009,71676,76874
FO,49,1676,2010,453600,76874
FO,49,1676,2012,825,76874
FO,49,1676,2013,164432,76874
FO,49,1676,2015,594280,21
FO,49,1676,2016,101112,21
FO,49,1676,2018,36188,32
FO,49,1621,2004,13178238,1581
FO,49,1621,2006,7112899,0
FO,49,1621,2007,29865600,0
FO,49,1621,2009,783048,1
FO,49,1621,2012,9344025,1
FO,49,1621,2015,30575545,33
FO,49,1621,2018,23412896,33
FO,279,1676,2011,1113959,1092
FO,279,1676,2013,1113959,1092
FO,279,1676,2014,1113959,1092
FO,279,1676,2016,1113959,1092
FO,279,1676,2019,200020,1092
FO,50,1671,2001,41933520,0
FO,50,1671,2002,28114260,0
FO,50,1671,2004,52194420,32452
FO,50,1671,2005,52016450,0
FO,50,1671,2007,104709845,0
FO,50,1671,2010,73866625,250
FO,50,1671,2013,26780709,210
FO,50,1671,2016,12869604,0
FO,50,1671,2018,6052512,0
FO,50,1671,2019,5395481,0
FO,50,1676,2002,52506360,680
FO,50,1676,2004,70444038,325
FO,50,1676,2005,63406008,22
FO,50,1676,2007,108475384,3306
FO,50,1676,2008,144120760,0
FO,50,1676,2010,138270696,294
FO,50,1676,2011,128357470,6
FO,50,1676,2013,108829359,55
FO,50,1676,2016,79209674,0
FO,50,1676,2019,115318425,0
FO,50,1618,2000,83079160,8400
FO,50,1618,2001,59094750,170
FO,50,1618,2003,52102057,10
FO,50,1618,2004,104635300,21
FO,50,1618,2006,95582963,0
FO,50,1618,2007,82430666,260
FO,50,1618,2009,92345318,0
FO,50,1618,2012,98697756,0
FO,50,1618,2015,111314256,198
FO,50,1618,2018,125372619,0
FO,50,1621,2001,9712080,0
FO,50,1621,2002,15493800,2310
FO,50,1621,2004,6866425,2
FO,50,1621,2007,4983273,418
FO,50,1621,2010,4089344,9048
FO,50,1621,2013,3538605,330
FO,50,1621,2015,3658285,0
FO,50,1621,2016,4094109,0
FO,50,1621,2018,8596973,1
FO,50,1621,2019,5307168,0
FO,50,1622,2000,0,0
FO,50,1622,2002,0,0
FO,50,1622,2003,6958,72270
FO,50,1622,2005,190624,12
FO,50,1622,2006,256410,0
FO,50,1622,2008,268272,0
FO,50,1622,2011,159060,0
FO,50,1622,2014,74550,0
FO,50,1622,2017,237372,0
FO,50,1622,2019,85626,328
FO,167,1671,2002,3184027000,1965470000
FO,11,1621,2019,22725414081,1.60E+11
FO,11,1622,2000,481474000,8401624000
FO,11,1622,2001,395640000,7308821000
FO,11,1622,2003,496640000,98460000
FO,11,1622,2004,707760000,99492000
FO,11,1622,2006,842574000,120185000
FO,11,1622,2009,732251520,110575010
FO,11,1622,2012,803968032,109629554
FO,11,1622,2015,815442112,110357730
FO,11,1622,2017,727119372,99699866
FO,11,1622,2018,798491526,96968826
FO,255,1671,2002,44644827248,9650643572
FO,255,1671,2005,48177272000,45623909000
FO,255,1671,2008,76608205696,1.12E+11
FO,255,1671,2010,48686746536,1.15E+11
FO,255,1671,2011,37053675956,99709294304
FO,255,1671,2013,23802313320,1.01E+11
FO,255,1671,2014,25928972797,89510659456
FO,255,1671,2016,24423370033,76417443900
FO,255,1671,2017,19966862277,88943874540
FO,255,1671,2019,14024658163,74801301696
FO,255,1676,2000,1088100000,802578000
FO,255,1676,2002,845340132,423753547
FO,255,1676,2003,1193494480,321036625
FO,255,1676,2005,2012288000,667616000
FO,255,1676,2008,3374088015,1001637540
FO,255,1676,2011,1965486024,811839004
FO,255,1676,2014,2758166750,1183827300
FO,255,1676,2016,2481079242,915680316
FO,255,1676,2017,4030683726,889616420
FO,255,1676,2019,3176099160,620998924
FO,255,1618,2001,1.12E+11,44942596200
FO,255,1618,2004,87299659240,35586962616
FO,255,1618,2007,1.43E+11,31422699420
FO,255,1618,2009,1.26E+11,44148395863
FO,255,1618,2010,1.61E+11,91957654008
FO,255,1618,2012,1.94E+11,1.17E+11
FO,255,1618,2013,2.30E+11,1.30E+11
FO,255,1618,2015,2.41E+11,1.21E+11
FO,255,1618,2016,2.21E+11,1.05E+11
FO,255,1618,2018,2.44E+11,2.40E+11
FO,255,1621,2002,35108407008,6030008622
FO,255,1621,2004,44478871008,7330886508
FO,255,1621,2005,58744385000,7831710000
FO,255,1621,2007,66330586712,7753611816
FO,255,1621,2008,65281271824,5711845576
FO,255,1621,2010,77516780544,7956752090
FO,255,1621,2011,79830074545,8950875840
FO,255,1621,2013,69181309000,4970602080
FO,255,1621,2014,91454099000,9610319300
FO,255,1621,2016,66593826130,13640760972
FO,255,1621,2019,1.41E+11,37844168628
FO,255,1622,2000,968337000,1932000
FO,255,1622,2003,31302882,172088
FO,255,1622,2006,1669970500,695793861
FO,255,1622,2009,1057858090,640757204
FO,255,1622,2011,1359036280,495013260
FO,255,1622,2012,1440926100,283423700
FO,255,1622,2014,1252597000,354678544
FO,255,1622,2015,996198000,267207792
FO,255,1622,2017,495866712,255743560
FO,255,1622,2018,839863346,285329250
FO,23,1671,2008,97893,215838
FO,23,1671,2010,190957,0
FO,23,1671,2013,52580,0
FO,23,1671,2016,74704,0
FO,23,1671,2019,37398,0
FO,23,1676,2002,37355,39639
FO,23,1676,2005,367608,39639
FO,23,1676,2007,2912134,39639
FO,23,1676,2008,10234314,98945
FO,23,1676,2010,4232943,2840
FO,23,1676,2011,1009338,2840
FO,23,1676,2013,4158600,2840
FO,23,1676,2014,3878814,0
FO,23,1676,2016,264936,0
FO,23,1676,2019,791658,7797
FO,23,1618,2009,18122,155172
FO,23,1618,2012,50,420
FO,23,1618,2015,36778,2916
FO,23,1618,2018,85560,27
FO,23,1621,2001,7200,1464
FO,23,1621,2002,7200,1464
FO,23,1621,2004,4984,224
FO,23,1621,2005,4984,224
FO,23,1621,2007,14570,224
FO,23,1621,2010,3276,375412
FO,23,1621,2013,11,24
FO,103,1618,2016,118263600,90
FO,103,1618,2018,68215210,90
FO,103,1618,2019,29666720,2436
FO,103,1621,2016,389409552,20
FO,103,1621,2017,172423488,20
FO,103,1621,2019,130191262,1551
FO,104,1671,2000,2393748000,0
FO,104,1671,2001,3992388750,0
FO,104,1671,2003,6001009776,918
FO,104,1671,2006,9365585720,8351980
FO,104,1671,2009,4785864048,88752
FO,104,1671,2012,3353090880,121604
FO,104,1671,2014,2473557750,392564
FO,104,1671,2015,1648742715,2
FO,104,1671,2017,1094018528,20
FO,104,1671,2018,1281596204,0
FO,104,1676,2000,127064000,293600000
FO,104,1676,2001,102574080,226323000
FO,104,1676,2003,152207484,132241856
FO,104,1676,2004,184669128,54980208
FO,104,1676,2006,520546800,114240
FO,104,1676,2007,1816976000,160734
FO,104,1676,2009,1325469978,133035
FO,104,1676,2012,148407798,439175
FO,104,1676,2015,170598720,119925
FO,104,1676,2018,375607743,206584
FO,104,1618,2000,2675428000,2980000
FO,104,1618,2002,1398234345,2824520
FO,104,1618,2005,1165040100,172368863
FO,104,1618,2008,3493987744,49802000
FO,104,1618,2011,1354898444,54699320
FO,104,1618,2013,1697521902,86194070
FO,104,1618,2014,1986162753,48793090
FO,104,1618,2016,1391387627,1887600
FO,104,1618,2017,2112325180,2506140
FO,104,1618,2019,3277110870,3111780
FO,104,1621,2000,1800360000,2295000
FO,104,1621,2003,1436643380,515886
FO,104,1621,2006,1755547500,115797240
FO,104,1621,2009,1087608083,6339930
FO,104,1621,2011,1669225152,56891610
FO,104,1621,2012,1474405002,78392000
FO,104,1621,2014,940895976,28013350
FO,104,1621,2015,987781845,47015003
FO,104,1621,2017,1302786585,61018490
FO,104,1621,2018,1421087574,14736048
FO,104,1622,2001,61771850,0
FO,104,1622,2002,1071056,330
FO,104,1622,2004,0,0
FO,104,1622,2007,334224000,521000
FO,104,1622,2010,383786523,0
FO,104,1622,2013,386215809,32274
FO,104,1622,2015,927399444,81918
FO,104,1622,2016,912228981,8631
FO,104,1622,2018,1577497221,6519
FO,104,1622,2019,1577497221,6519
FO,105,1671,2000,17169304194,119720
FO,105,1671,2003,3624333736,24645
FO,105,1671,2006,10976100264,2
FO,105,1671,2008,14125407444,231800
FO,105,1671,2009,5191791682,1164429
FO,105,1671,2011,10007655693,1002998
FO,105,1671,2012,6882608184,123158
FO,105,1671,2014,7775492982,42606
FO,105,1671,2015,2419817202,7956
FO,105,1671,2017,2419817202,7956
FO,105,1676,2000,123531100,488087600
FO,105,1676,2001,160812540,762171974
FO,105,1676,2003,241533787,1437322579
FO,105,1676,2006,412359508,45468108
FO,105,1676,2009,497216460,10119921
FO,105,1676,2012,977290860,22903614
FO,105,1676,2014,1683251416,83268354
FO,105,1676,2015,1397435248,11191600
FO,105,1676,2017,1397435248,11191600
FO,105,1676,2018,1671334560,15052
FO,105,1618,2002,1727373816,3328
FO,105,1618,2005,2340586637,99
FO,105,1618,2008,5046191896,36431676
FO,105,1618,2010,3645622689,5063979
FO,105,1618,2011,3753116766,8782522
FO,105,1618,2013,3627757780,44185440
FO,105,1618,2014,4619412672,8309008
FO,105,1618,2016,4113219852,5522974
FO,105,1618,2017,4113219852,5522974
FO,105,1618,2019,4373033545,1530972
FO,105,1621,2000,1811123463,5840
FO,105,1621,2003,1559413167,21855
FO,226,1618,2003,16456,2
FO,226,1618,2004,304500,459
FO,226,1618,2006,108270,459
FO,226,1618,2007,943248,9
FO,226,1618,2009,1014600,147018
FO,226,1618,2010,169884,8
FO,226,1618,2012,668736,1872
FO,226,1618,2015,3466262,20
FO,226,1618,2018,38227050,29988
FO,226,1621,2004,12399156,8568
FO,226,1621,2005,12399156,8568
FO,226,1621,2007,11297881,11832
FO,226,1621,2010,4577136,1760
FO,226,1621,2013,8286603,3348
FO,226,1621,2016,26051160,175950
FO,226,1621,2018,122735091,4560
FO,226,1621,2019,7936380,10
FO,226,1622,2005,1533675,132727
FO,226,1622,2006,280,132727
FO,226,1622,2008,4,27
FO,226,1622,2009,4,2156608
FO,226,1622,2011,12155,1
FO,226,1622,2014,21024,1040
FO,226,1622,2017,1292,81954
FO,230,1671,2002,1822050560,907380
FO,230,1671,2004,5610611400,13058700
FO,230,1671,2005,7000042250,17334080
FO,230,1671,2007,9928532600,16707600
FO,230,1671,2008,9928532600,16707600
FO,230,1671,2010,4206329631,1800864
FO,230,1671,2011,3401725040,9921132
FO,230,1671,2013,4882962700,0
FO,230,1671,2016,4882962700,0
FO,230,1671,2019,828962400,170
FO,230,1676,2002,243040,63116820
FO,230,1676,2005,4792880,139293540
FO,230,1676,2008,18321000,82231200
FO,230,1676,2010,47478652,57228282
FO,230,1676,2011,69713220,77874315
FO,230,1676,2013,452899720,44321440
FO,230,1676,2014,452899720,44321440
FO,230,1676,2016,452899720,44321440
FO,230,1676,2017,187824000,75229000
FO,230,1676,2019,241898800,141321600
FO,230,1618,2001,3960065190,5325467630
FO,230,1618,2003,5875415280,9139697820
FO,230,1618,2004,8385272070,5970503960
FO,230,1618,2006,19481412960,17184333720
FO,230,1618,2007,27774565200,24332189000
FO,230,1618,2009,27774565200,24332189000
FO,230,1618,2010,29164465600,27915527888
FO,230,1618,2012,18419860800,4726446480
FO,230,1618,2015,35715237300,24204438500
FO,230,1618,2018,22674582000,9180630000
FO,230,1621,2001,428383050,2865000
FO,230,1621,2002,447854880,7454840
FO,230,1621,2004,385261920,590580540
FO,230,1621,2005,2081648950,43776900
FO,230,1621,2007,5737976800,95849400
FO,230,1621,2008,5737976800,95849400
FO,230,1621,2010,4291819680,85259020
FO,230,1621,2013,6291546000,455849450
FO,230,1621,2016,6291546000,455849450
FO,230,1621,2019,3978964000,181385100
FO,230,1622,2000,14812,0
FO,230,1622,2003,1342080,0
FO,230,1622,2005,8163680,0
FO,230,1622,2006,38240430,30
FO,230,1622,2008,362679300,3900
FO,230,1622,2009,362652200,3900
FO,230,1622,2011,1442679066,118671220
FO,230,1622,2012,791713540,117158400
FO,230,1622,2014,418357520,86505380
FO,230,1622,2017,169584000,16320000
FO,225,1671,2001,172434000,1523200
FO,225,1671,2004,324925370,10933596
FO,225,1671,2006,324925370,10933596
FO,225,1671,2007,2743702800,10933596
FO,225,1671,2009,3018571144,1169532
FO,225,1671,2010,3019711296,1169532
FO,225,1671,2012,2685265440,3321144
FO,225,1671,2013,2970429465,5505786
FO,225,1671,2015,798862512,79771
FO,225,1671,2018,534287740,3220401
FO,225,1676,2001,245016000,51588600
FO,225,1676,2004,62592688,177181968
FO,225,1676,2007,120111081,67608582
FO,225,1676,2010,243314176,100396296
FO,167,1671,2005,6946012000,10129552000
FO,167,1671,2007,6459240000,3335438000
FO,167,1671,2008,10387895388,631744784
FO,167,1671,2010,4954460000,1195000
FO,167,1671,2011,8306534730,1682464
FO,167,1671,2013,6772932600,1772800
FO,167,1671,2014,7339155750,993080
FO,167,1671,2016,4232656328,8044526
FO,167,1671,2019,3039633072,1490580
FO,167,1676,2000,77341000,882000
FO,167,1676,2002,208233000,2518000
FO,167,1676,2005,826952000,4930000
FO,167,1676,2008,758153297,11576620
FO,167,1676,2011,181037220,3027150
FO,167,1676,2013,1006400000,9404100
FO,167,1676,2014,815704200,12139400
FO,167,1676,2016,750080256,5413600
FO,167,1676,2017,701532945,7592024
FO,167,1676,2019,925472808,2634788
FO,167,1618,2001,5973585000,884988000
FO,167,1618,2004,14163831000,865674000
FO,167,1618,2007,18829440000,5277376000
FO,167,1618,2009,25650302636,6178594842
FO,167,1618,2010,20920915000,5697036000
FO,167,1618,2012,27450864000,7234326000
FO,167,1618,2013,33153346800,9931742700
FO,167,1618,2015,22481645200,5757212000
FO,167,1618,2016,22368203338,7485443691
FO,167,1618,2018,32463744546,13758981912
FO,167,1621,2002,2725002000,36327340000
FO,167,1621,2004,3219232000,64928916000
FO,167,1621,2005,3881922000,82469394000
FO,167,1621,2007,3476103000,98283153000
FO,167,1621,2008,10816096158,1.32E+11
FO,167,1621,2010,16229664000,1.17E+11
FO,167,1621,2011,3522351890,1.22E+11
FO,167,1621,2013,2315938300,86466387200
FO,167,1621,2016,21573322720,2.66E+11
FO,167,1621,2019,23719609452,2.90E+11
FO,167,1622,2000,499716000,143304000
FO,167,1622,2003,109755000,30688000
FO,167,1622,2006,1768599800,176280000
FO,167,1622,2009,339807530,42409632
FO,167,1622,2011,783897240,59311980
FO,167,1622,2012,511448000,30373000
FO,167,1622,2014,1497120000,50723530
FO,167,1622,2015,1464288200,45548200
FO,167,1622,2017,1613914576,912325275
FO,167,1622,2018,1786192512,1362905760
FO,116,1671,2000,59200,0
FO,116,1671,2002,18484200,806400
FO,116,1671,2003,18484200,806400
FO,116,1671,2005,18484200,806400
FO,116,1671,2006,18484200,806400
FO,116,1671,2008,270504,111408
FO,116,1671,2011,489280,3893764
FO,116,1671,2014,154086,577280
FO,116,1671,2017,3675650,33615
FO,116,1671,2019,3675650,33615
FO,116,1676,2009,7021,308
FO,116,1676,2011,4422,308
FO,116,1676,2012,5964,308
FO,116,1676,2014,13112,1650
FO,116,1676,2017,57200,2
FO,116,1618,2008,4175712,9039
FO,116,1618,2010,7483608,3852
FO,116,1618,2013,17305432,17544
FO,116,1618,2016,23746810,2346
FO,116,1618,2019,44540610,106808
FO,116,1621,2000,1838200,0
FO,116,1621,2002,754800,0
FO,116,1621,2003,754800,0
FO,116,1621,2005,754800,0
FO,116,1621,2008,3070639,165
FO,116,1621,2011,3226500,437
FO,116,1621,2014,12222696,818808
FO,116,1621,2016,9575644,818808
FO,116,1621,2017,8474322,818808
FO,116,1621,2019,432,7189
FO,116,1622,2009,4,28
FO,116,1622,2012,24,1593
FO,116,1622,2015,2332,306
FO,116,1622,2018,89216,306
FO,250,1671,2015,25953,20
FO,250,1671,2016,156046,20
FO,250,1671,2018,21735,20
FO,250,1671,2019,169600,0
FO,250,1676,2018,740052,68
FO,23,1621,2016,4848,2205
FO,23,1621,2018,1392,2205
FO,23,1621,2019,13600,703
FO,23,1622,2008,4,7650
FO,23,1622,2009,4,7650
FO,23,1622,2011,4,2128
FO,23,1622,2014,16,10769
FO,23,1622,2017,26631,10769
FO,53,1671,2001,23600,0
FO,53,1671,2004,47120,15
FO,53,1671,2006,134680,15
FO,53,1671,2007,130832,15
FO,53,1671,2009,90202,15
FO,53,1671,2010,618639,40
FO,53,1671,2012,20292,40
FO,53,1671,2013,20292,40
FO,53,1671,2015,243540,40
FO,53,1671,2018,96383,40
FO,53,1676,2007,118755,2
FO,53,1676,2010,396,2
FO,53,1676,2012,74778,4
FO,53,1676,2013,74778,4
FO,53,1676,2015,274560,4
FO,53,1676,2016,118158,90
FO,53,1676,2018,103914,90
FO,53,1676,2019,19965,90
FO,53,1618,2000,29225,1
FO,53,1618,2003,37575,1
FO,53,1618,2005,31500,1
FO,53,1618,2006,282295,1
FO,53,1618,2008,75040,1
FO,53,1618,2009,67308,1
FO,53,1618,2011,67275,42
FO,53,1618,2012,54390,42
FO,53,1618,2014,133903,42
FO,53,1618,2017,3233,42
FO,53,1621,2003,134194,98549
FO,53,1621,2004,96380,1470
FO,53,1621,2006,60372,1470
FO,53,1621,2007,1315030,1470
FO,53,1621,2009,830790,1470
FO,53,1621,2010,1168032,1470
FO,53,1621,2012,2350400,0
FO,53,1621,2015,1510880,0
FO,53,1621,2018,273951,0
FO,53,1622,2005,1000,1
FO,53,1622,2007,420,1
FO,53,1622,2008,420,1
FO,53,1622,2010,280,10
FO,53,1622,2011,7194,10
FO,53,1622,2013,20250,10
FO,53,1622,2014,18590,10
FO,53,1622,2016,7968,10
FO,53,1622,2019,114000,10
FO,18,1676,2005,90,46968
FO,18,1676,2008,90,265216
FO,18,1676,2010,10875,265216
FO,18,1676,2011,10875,265216
FO,18,1676,2013,10875,265216
FO,18,1676,2014,10875,265216
FO,18,1676,2016,54,265216
FO,18,1676,2017,4720,265216
FO,18,1676,2019,14784,265216
FO,18,1618,2003,4582,5159
FO,18,1618,2004,1870,5159
FO,18,1618,2006,1870,5159
FO,18,1618,2007,36632,5159
FO,18,1618,2009,36632,5159
FO,18,1618,2010,192764,5159
FO,18,1618,2012,21712,5159
FO,18,1618,2015,64619,5159
FO,18,1618,2018,1139673,5159
FO,18,1621,2007,41000,368
FO,18,1621,2008,41000,368
FO,18,1621,2010,963200,368
FO,18,1621,2013,71621,368
FO,18,1621,2016,479622,368
FO,18,1621,2019,996600,368
FO,18,1622,2011,380,331408
FO,18,1622,2012,380,331408
FO,18,1622,2014,380,331408
FO,18,1622,2017,380,331408
FO,19,1671,2011,158884740,45
FO,19,1671,2014,136516104,920
FO,19,1671,2017,39564840,920
FO,19,1671,2019,11714014,920
FO,19,1676,2011,13320,4
FO,19,1676,2012,5098640,4
FO,189,1618,2014,790352,506895
FO,189,1618,2015,790352,506895
FO,189,1618,2017,675,345708
FO,189,1621,2009,8,198
FO,189,1621,2010,84,2268
FO,189,1621,2012,3030,0
FO,189,1621,2013,35850,216
FO,189,1621,2015,437138,216
FO,189,1621,2018,5616,216
FO,191,1671,2011,36720,5700
FO,191,1671,2014,21798,2
FO,191,1671,2017,33660,2
FO,191,1671,2019,36166,2
FO,191,1621,2011,754,148
FO,191,1621,2014,1809,135
FO,191,1621,2016,2257,135
FO,191,1621,2017,2349,135
FO,191,1621,2019,0,135
FO,191,1622,2012,2,51824
FO,191,1622,2015,0,51824
FO,191,1622,2018,0,51824
FO,244,1671,2004,44545,2
FO,244,1671,2005,44545,2
FO,244,1671,2007,240,2
FO,244,1671,2008,240,2
FO,244,1671,2010,12412,2
FO,244,1671,2013,45000,2
FO,244,1671,2016,78548,2
FO,244,1671,2019,42355,2
FO,244,1676,2005,16605,90
FO,244,1676,2007,1610,90
FO,244,1676,2008,20,90
FO,244,1676,2010,2726,90
FO,244,1676,2011,6996,90
FO,244,1676,2013,20532,90
FO,244,1676,2014,12432,90
FO,244,1676,2016,16350,90
FO,244,1676,2019,14060,90
FO,244,1618,2003,968,1
FO,244,1618,2004,2257,1
FO,244,1618,2006,1512,1
FO,244,1618,2007,1512,1
FO,244,1618,2009,295920,1
FO,244,1618,2012,798608,0
FO,244,1618,2015,62738,7772
FO,244,1618,2018,280,7772
FO,244,1621,2004,4644,28
FO,244,1621,2007,8631,28
FO,244,1621,2010,5490,28
FO,244,1621,2013,1752,28
FO,244,1621,2015,2000,28
FO,244,1621,2016,12932,28
FO,244,1621,2018,8343,28
FO,244,1621,2019,6700,28
FO,244,1622,2003,9856,1
FO,244,1622,2005,13950,1
FO,244,1622,2006,28,1
FO,244,1622,2008,9680,1
FO,244,1622,2009,1560,1
FO,244,1622,2011,4758,1
FO,244,1622,2014,192,87
FO,244,1622,2017,36,87
FO,193,1671,2018,14,25680
FO,193,1671,2019,0,25680
FO,193,1618,2000,121,2
FO,193,1618,2003,30,32
FO,193,1618,2006,1,32
FO,193,1618,2009,6151974,32
FO,193,1618,2011,738,32
FO,193,1618,2012,851,32
FO,193,1618,2014,1152,2
FO,193,1618,2015,72,2
FO,193,1618,2017,40,1176
FO,193,1618,2018,3,1176
FO,193,1621,2001,35,44
FO,193,1621,2004,104,44
FO,193,1621,2006,104,44
FO,193,1621,2007,84,10368
FO,193,1621,2009,286,10368
FO,193,1621,2010,5,10368
FO,193,1621,2012,874,43423
FO,193,1621,2013,506,483
FO,193,1621,2015,989,483
FO,193,1621,2018,338,483
FO,194,1671,2002,1012069500,0
FO,194,1671,2005,1651201200,0
FO,194,1671,2007,7539860000,1211181
FO,194,1671,2008,7539860000,1211181
FO,28,1621,2004,445828,432
FO,28,1621,2007,445828,432
FO,28,1621,2010,1111545,432
FO,28,1621,2013,38325,12960
FO,28,1621,2015,1772394,12960
FO,28,1621,2016,6127470,12960
FO,28,1621,2018,73711022,222343
FO,28,1621,2019,361471245,2521035
FO,28,1622,2011,12969,805
FO,28,1622,2014,16459,805
FO,28,1622,2017,149264,805
FO,28,1622,2019,2063196,805
FO,147,1671,2001,42453,91
FO,147,1671,2002,29250,0
FO,147,1671,2004,115381,315
FO,147,1671,2005,163350,9
FO,147,1671,2007,6648655,0
FO,147,1671,2010,35910693,11110
FO,147,1671,2013,23707456,296
FO,147,1671,2016,18403218,0
FO,147,1671,2018,18403218,0
FO,147,1671,2019,7757289,0
FO,147,1676,2002,57790768,40
FO,147,1676,2004,3095708,48
FO,147,1676,2005,531058,9380
FO,147,1676,2007,1273230,15
FO,147,1676,2008,321860,2
FO,147,1676,2010,1295990,34
FO,147,1676,2011,1544450,240
FO,147,1676,2013,839024,184
FO,147,1676,2016,628144,8
FO,147,1676,2019,492002,6
FO,147,1618,2000,235103,1
FO,147,1618,2001,340620,3
FO,147,1618,2003,58424,4606
FO,147,1618,2004,2756661,24087
FO,147,1618,2006,46895784,864
FO,147,1618,2007,89931352,5
FO,147,1618,2009,24058961,4968
FO,147,1618,2012,12801075,38297056
FO,147,1618,2015,82603720,233442801
FO,147,1618,2018,8462016,3698464
FO,147,1621,2001,27363663,1792
FO,147,1621,2002,17164924,144
FO,147,1621,2004,183601817,102
FO,147,1621,2007,9274860,24
FO,147,1621,2010,53997802,110
FO,147,1621,2013,53356590,1332095
FO,147,1621,2015,132568878,28589958
FO,147,1621,2016,35722222,138768
FO,147,1621,2018,35722222,138768
FO,147,1621,2019,25601127,130144
FO,147,1622,2000,6,22
FO,147,1622,2002,6,0
FO,147,1622,2003,1,0
FO,147,1622,2005,0,0
FO,147,1622,2006,108,0
FO,147,1622,2008,3196,0
FO,147,1622,2009,10,0
FO,147,1622,2011,112,0
FO,147,1622,2014,9744,0
FO,147,1622,2017,50,0
FO,149,1671,2000,3441204,0
FO,149,1671,2003,6308104,0
FO,149,1671,2006,6369810,36
FO,149,1671,2009,271042304,3042
FO,149,1671,2011,281422866,484
FO,149,1671,2012,22753380,484
FO,149,1671,2014,192029490,370
FO,149,1671,2015,226720208,45
FO,149,1671,2017,211498170,0
FO,149,1671,2018,862190,0
FO,149,1676,2001,25400,78600
FO,149,1676,2003,3721,1530
FO,149,1676,2004,960,4958
FO,149,1676,2006,435,4958
FO,149,1676,2009,3344,4958
FO,149,1676,2012,9280,4958
FO,149,1676,2015,140988,4958
FO,149,1676,2017,919032,4958
FO,149,1676,2018,458459,4958
FO,149,1618,2002,27354,14500
FO,149,1618,2005,9355080,7437
FO,149,1618,2008,4482000,95268
FO,149,1618,2010,5842900,167475
FO,149,1618,2011,5675082,173420
FO,149,1618,2013,535092,48
FO,149,1618,2014,17937977,134070
FO,225,1676,2012,264255165,264943160
FO,225,1676,2013,2275931520,79271340
FO,225,1676,2015,723067317,1071634825
FO,225,1676,2016,742562120,1265441568
FO,225,1676,2018,1165482720,2381181821
FO,225,1676,2019,954551752,4128475610
FO,225,1618,2000,849588800,3299700
FO,225,1618,2003,656079300,10441400
FO,225,1618,2005,899800524,3034038
FO,225,1618,2006,899800524,3034038
FO,225,1618,2008,3246291180,266662
FO,225,1618,2009,4325932414,34661320
FO,225,1618,2011,12878337004,229510854
FO,225,1618,2012,13286806596,314861652
FO,225,1618,2014,26158035033,671722524
FO,225,1618,2017,15818615720,11626362
FO,225,1621,2000,809104400,207386400
FO,225,1621,2001,350982000,308926800
FO,225,1621,2003,326700000,308926800
FO,225,1621,2004,894156900,19158580
FO,225,1621,2006,894156900,19158580
FO,225,1621,2007,4178877500,19158580
FO,225,1621,2009,961083981,16724370
FO,225,1621,2010,1759649300,16724370
FO,225,1621,2012,1206749769,43101052
FO,225,1621,2015,6391304535,97717258
FO,225,1621,2018,12105604589,35050252
FO,225,1622,2007,2003375,2277
FO,225,1622,2008,6800646,35256
FO,225,1622,2010,17497488,9676
FO,225,1622,2011,27196920,96915
FO,225,1622,2013,46242627,148385
